{
	"0020-62":{
		"ae": 0.2969,
		"a1": 0.213337,
		"a2": -2.931954,
		"a3": 5.229170,
		"de": 0.002,
		"d1": 0.200,
		"d2": -0.040625,
		"d3": -0.070312
	},
	"0020-63":{
		"ae": 0.2969,
		"a1": -0.096082,
		"a2": -0.543310,
		"a3": 0.559395,
		"de": 0.002,
		"d1": 0.2340,
		"d2": -0.068571,
		"d3": -0.093878
	},
	"0020-64":{
		"ae": 0.2969,
		"a1": -0.246867,
		"a2": 0.175383,
		"a3": -0.266917,
		"de": 0.002,
		"d1": 0.315,
		"d2": -0.233333,
		"d3": -0.032407
	},
	"0020-65":{
		"ae": 0.2969,
		"a1": -0.310275,
		"a2": 0.341700,
		"a3": -0.321820,
		"de": 0.002,
		"d1": 0.465000,
		"d2": -0.6840,
		"d3": 0.2920
	},
	"0020-66":{
		"ae": 0.2969,
		"a1": -0.271180,
		"a2": 0.14020,
		"a3": -0.082137,
		"de": 0.002,
		"d1": 0.70,
		"d2": -1.66250,
		"d3": 1.31250
	},
	"0020-03":{
		"ae": 0.0,
		"a1": 0.920286,
		"a2": -2.80190,
		"a3": 2.817990,
		"de": 0.002,
		"d1": 0.23400,
		"d2": -0.068571,
		"d3": -0.093878
	},
	"0020-33":{
		"ae": 0.148450,
		"a1": null,
		"a2": null,
		"a3": null,
		"de": 0.002,
		"d1": null,
		"d2": null,
		"d3": null
	},
	"0020-93":{
		"ae": 0.514246,
		"a1": null,
		"a2": null,
		"a3": null,
		"de": 0.002,
		"d1": null,
		"d2": null,
		"d3": null
	},
	"0020-05":{
		"ae": 0.0,
		"a1": null,
		"a2": null,
		"a3": null,
		"de": 0.002,
		"d1": null,
		"d2": null,
		"d3": null
	},
	"0020-35":{
		"ae": 0.148450,
		"a1": null,
		"a2": null,
		"a3": null,
		"de": 0.002,
		"d1": null,
		"d2": null,
		"d3": null
	},
	"0020-34":{
		"ae": 0.148450,
		"a1": null,
		"a2": null,
		"a3": null,
		"de": 0.002,
		"d1": null,
		"d2": null,
		"d3": null
	}
}